Technical Knowledge,Personal Traits,Social Characteristics,Motivating Factors,Age,City
Well Trained,Inhuman Psyche,Anti-social,Need to control others,66,Hetauda
Goal-oriented,Passionate,Mass-destruction,Thrill-seeking,37,Kathmandu
Well-organized,Chaotic state of mind,Brain-washed,Manipulate Others,60,Butwal
Well-trained,Insensitive,Inferiority Complex,Political Beliefs,18,Hetauda
Well-organized,Chaotic state of mind,Brain-washed,Manipulate Others,17,Lalitpur
Focused,Determined,Lack Social Skills,Greed,37,Pokhara
Skilful,Coward,Rebellious,Religious Fundamentalism,66,Biratnagar
Well-organized,Chaotic state of mind,Brain-washed,Manipulate Others,21,Itahari
Well-networked,Insensitive,Misguided,Risk Tolerance,22,Dharan
Well Trained,Inhuman Psyche,Anti-social,Need to control others,28,Pokhara
Well-trained,Insensitive,Inferiority Complex,Political Beliefs,29,Itahari
Well-networked,Insensitive,Misguided,Risk Tolerance,17,Butwal
Well-organized,Chaotic state of mind,Brain-washed,Manipulate Others,34,Bhaktapur
Goal-oriented,Passionate,Mass-destruction,Thrill-seeking,66,Pokhara
Goal-oriented,Passionate,Mass-destruction,Thrill-seeking,58,Pokhara
Focused,Determined,Lack Social Skills,Greed,30,Kathmandu
Resourceful,Strong-willed,Radical,Intolerance,26,Lalitpur
Well-trained,Insensitive,Inferiority Complex,Political Beliefs,32,Bhaktapur
Goal-oriented,Passionate,Mass-destruction,Thrill-seeking,15,Chitwan
Focused,Determined,Lack Social Skills,Greed,54,Biratnagar
Well-trained,Insensitive,Inferiority Complex,Political Beliefs,61,Hetauda
Strategic Planners,Secretive,Low self-worth,Emotions,68,Chitwan
Well Trained,Inhuman Psyche,Anti-social,Need to control others,49,Pokhara
Well-networked,Insensitive,Misguided,Risk Tolerance,17,Kathmandu
Intelligent,Impatient,Anti-establishment,Monetary Gain,29,Itahari
Focused,Determined,Lack Social Skills,Greed,59,Butwal
Well Trained,Inhuman Psyche,Anti-social,Need to control others,57,Pokhara
Creative,Vengenful,Anti-state,Concealed Existence,43,Dharan
Well Trained,Inhuman Psyche,Anti-social,Need to control others,17,Pokhara
Bully,Aggressive,Marginalised,Disregard for law,20,Hetauda
Smart,Coercive,Unlawful,Political Support,24,Hetauda
Focused,Determined,Lack Social Skills,Greed,19,Pokhara
Resourceful,Strong-willed,Radical,Intolerance,62,Bhaktapur
Focused,Determined,Lack Social Skills,Greed,63,Chitwan
Creative,Vengenful,Anti-state,Concealed Existence,15,Kathmandu
Well-networked,Insensitive,Misguided,Risk Tolerance,53,Bhaktapur
Skilful,Coward,Rebellious,Religious Fundamentalism,39,Kathmandu
Well-organized,Chaotic state of mind,Brain-washed,Manipulate Others,37,Butwal
Goal-oriented,Passionate,Mass-destruction,Thrill-seeking,65,Bhaktapur
Well-trained,Insensitive,Inferiority Complex,Political Beliefs,32,Chitwan
Well-trained,Insensitive,Inferiority Complex,Political Beliefs,45,Butwal
Strategic Planners,Secretive,Low self-worth,Emotions,50,Bhaktapur
Skilful,Coward,Rebellious,Religious Fundamentalism,57,Chitwan
Smart,Coercive,Unlawful,Political Support,37,Dharan
Goal-oriented,Passionate,Mass-destruction,Thrill-seeking,60,Kathmandu
Bully,Aggressive,Marginalised,Disregard for law,54,Hetauda
Bully,Aggressive,Marginalised,Disregard for law,22,Biratnagar
Well Trained,Inhuman Psyche,Anti-social,Need to control others,57,Hetauda
Well-trained,Insensitive,Inferiority Complex,Political Beliefs,15,Hetauda
Well Trained,Inhuman Psyche,Anti-social,Need to control others,41,Kathmandu
Well-networked,Insensitive,Misguided,Risk Tolerance,39,Itahari
Bully,Aggressive,Marginalised,Disregard for law,62,Chitwan
Well-networked,Insensitive,Misguided,Risk Tolerance,54,Butwal
Strategic Planners,Secretive,Low self-worth,Emotions,65,Pokhara
Creative,Vengenful,Anti-state,Concealed Existence,64,Butwal
Well Trained,Inhuman Psyche,Anti-social,Need to control others,69,Bhaktapur
Creative,Vengenful,Anti-state,Concealed Existence,50,Lalitpur
Bully,Aggressive,Marginalised,Disregard for law,38,Chitwan
Well-networked,Insensitive,Misguided,Risk Tolerance,64,Hetauda
Skilful,Coward,Rebellious,Religious Fundamentalism,59,Hetauda
Intelligent,Impatient,Anti-establishment,Monetary Gain,40,Dharan
Bully,Aggressive,Marginalised,Disregard for law,38,Hetauda
Creative,Vengenful,Anti-state,Concealed Existence,67,Biratnagar
Bully,Aggressive,Marginalised,Disregard for law,60,Chitwan
Well-networked,Insensitive,Misguided,Risk Tolerance,48,Itahari
Bully,Aggressive,Marginalised,Disregard for law,21,Itahari
Bully,Aggressive,Marginalised,Disregard for law,19,Biratnagar
Smart,Coercive,Unlawful,Political Support,29,Biratnagar
Smart,Coercive,Unlawful,Political Support,28,Dharan
Well-organized,Chaotic state of mind,Brain-washed,Manipulate Others,31,Dharan
Bully,Aggressive,Marginalised,Disregard for law,48,Biratnagar
Skilful,Coward,Rebellious,Religious Fundamentalism,55,Chitwan
Well-organized,Chaotic state of mind,Brain-washed,Manipulate Others,64,Itahari
Well-trained,Insensitive,Inferiority Complex,Political Beliefs,41,Itahari
Intelligent,Impatient,Anti-establishment,Monetary Gain,16,Dharan
Well-networked,Insensitive,Misguided,Risk Tolerance,55,Bhaktapur
Bully,Aggressive,Marginalised,Disregard for law,40,Hetauda
Focused,Determined,Lack Social Skills,Greed,64,Hetauda
Focused,Determined,Lack Social Skills,Greed,19,Biratnagar
Goal-oriented,Passionate,Mass-destruction,Thrill-seeking,21,Kathmandu
Resourceful,Strong-willed,Radical,Intolerance,43,Biratnagar
Well-networked,Insensitive,Misguided,Risk Tolerance,65,Butwal
Skilful,Coward,Rebellious,Religious Fundamentalism,61,Butwal
Bully,Aggressive,Marginalised,Disregard for law,30,Dharan
Well Trained,Inhuman Psyche,Anti-social,Need to control others,41,Lalitpur
Well-networked,Insensitive,Misguided,Risk Tolerance,18,Lalitpur
Goal-oriented,Passionate,Mass-destruction,Thrill-seeking,24,Bhaktapur
Well-trained,Insensitive,Inferiority Complex,Political Beliefs,44,Kathmandu
Skilful,Coward,Rebellious,Religious Fundamentalism,21,Bhaktapur
Well-networked,Insensitive,Misguided,Risk Tolerance,34,Bhaktapur
Well-trained,Insensitive,Inferiority Complex,Political Beliefs,27,Chitwan
Creative,Vengenful,Anti-state,Concealed Existence,24,Bhaktapur
Goal-oriented,Passionate,Mass-destruction,Thrill-seeking,46,Dharan
Well-trained,Insensitive,Inferiority Complex,Political Beliefs,56,Biratnagar
Resourceful,Strong-willed,Radical,Intolerance,31,Bhaktapur
Focused,Determined,Lack Social Skills,Greed,32,Lalitpur
Bully,Aggressive,Marginalised,Disregard for law,52,Biratnagar
Focused,Determined,Lack Social Skills,Greed,46,Butwal
Strategic Planners,Secretive,Low self-worth,Emotions,15,Kathmandu
Intelligent,Impatient,Anti-establishment,Monetary Gain,56,Kathmandu
Skilful,Coward,Rebellious,Religious Fundamentalism,35,Kathmandu
Well-organized,Chaotic state of mind,Brain-washed,Manipulate Others,69,Kathmandu
Goal-oriented,Passionate,Mass-destruction,Thrill-seeking,54,Dharan
Intelligent,Impatient,Anti-establishment,Monetary Gain,19,Butwal
Skilful,Coward,Rebellious,Religious Fundamentalism,39,Butwal
Goal-oriented,Passionate,Mass-destruction,Thrill-seeking,52,Kathmandu
Skilful,Coward,Rebellious,Religious Fundamentalism,37,Itahari
Skilful,Coward,Rebellious,Religious Fundamentalism,68,Biratnagar
Focused,Determined,Lack Social Skills,Greed,37,Chitwan
Well-networked,Insensitive,Misguided,Risk Tolerance,52,Kathmandu
Well-networked,Insensitive,Misguided,Risk Tolerance,47,Bhaktapur
Well-trained,Insensitive,Inferiority Complex,Political Beliefs,59,Kathmandu
Skilful,Coward,Rebellious,Religious Fundamentalism,46,Butwal
Intelligent,Impatient,Anti-establishment,Monetary Gain,62,Itahari
Well Trained,Inhuman Psyche,Anti-social,Need to control others,51,Butwal
Well-trained,Insensitive,Inferiority Complex,Political Beliefs,35,Kathmandu
Well Trained,Inhuman Psyche,Anti-social,Need to control others,17,Dharan
Goal-oriented,Passionate,Mass-destruction,Thrill-seeking,61,Itahari
Resourceful,Strong-willed,Radical,Intolerance,23,Dharan
Bully,Aggressive,Marginalised,Disregard for law,67,Pokhara
Creative,Vengenful,Anti-state,Concealed Existence,19,Bhaktapur
Focused,Determined,Lack Social Skills,Greed,43,Butwal
Creative,Vengenful,Anti-state,Concealed Existence,66,Biratnagar
Resourceful,Strong-willed,Radical,Intolerance,56,Kathmandu
Well Trained,Inhuman Psyche,Anti-social,Need to control others,21,Pokhara
Bully,Aggressive,Marginalised,Disregard for law,35,Hetauda
Goal-oriented,Passionate,Mass-destruction,Thrill-seeking,23,Dharan
Well Trained,Inhuman Psyche,Anti-social,Need to control others,16,Chitwan
Goal-oriented,Passionate,Mass-destruction,Thrill-seeking,36,Itahari
Well-trained,Insensitive,Inferiority Complex,Political Beliefs,54,Kathmandu
Goal-oriented,Passionate,Mass-destruction,Thrill-seeking,52,Hetauda
Strategic Planners,Secretive,Low self-worth,Emotions,43,Bhaktapur
Bully,Aggressive,Marginalised,Disregard for law,40,Bhaktapur
Well-organized,Chaotic state of mind,Brain-washed,Manipulate Others,18,Kathmandu
Strategic Planners,Secretive,Low self-worth,Emotions,48,Chitwan
Focused,Determined,Lack Social Skills,Greed,33,Kathmandu
Smart,Coercive,Unlawful,Political Support,37,Biratnagar
Well-organized,Chaotic state of mind,Brain-washed,Manipulate Others,38,Biratnagar
Resourceful,Strong-willed,Radical,Intolerance,34,Butwal
Bully,Aggressive,Marginalised,Disregard for law,31,Biratnagar
Well-trained,Insensitive,Inferiority Complex,Political Beliefs,66,Bhaktapur
Well-organized,Chaotic state of mind,Brain-washed,Manipulate Others,34,Bhaktapur
Strategic Planners,Secretive,Low self-worth,Emotions,54,Itahari
Well Trained,Inhuman Psyche,Anti-social,Need to control others,44,Bhaktapur
Well-trained,Insensitive,Inferiority Complex,Political Beliefs,64,Hetauda
Focused,Determined,Lack Social Skills,Greed,41,Kathmandu
Smart,Coercive,Unlawful,Political Support,54,Pokhara
Skilful,Coward,Rebellious,Religious Fundamentalism,63,Bhaktapur
Smart,Coercive,Unlawful,Political Support,15,Chitwan
Resourceful,Strong-willed,Radical,Intolerance,56,Biratnagar
Well Trained,Inhuman Psyche,Anti-social,Need to control others,43,Dharan
Creative,Vengenful,Anti-state,Concealed Existence,66,Chitwan
Well-trained,Insensitive,Inferiority Complex,Political Beliefs,24,Lalitpur
Resourceful,Strong-willed,Radical,Intolerance,44,Itahari
Bully,Aggressive,Marginalised,Disregard for law,60,Chitwan
Bully,Aggressive,Marginalised,Disregard for law,38,Chitwan
Bully,Aggressive,Marginalised,Disregard for law,52,Biratnagar
Well Trained,Inhuman Psyche,Anti-social,Need to control others,22,Kathmandu
Well-organized,Chaotic state of mind,Brain-washed,Manipulate Others,42,Lalitpur
Bully,Aggressive,Marginalised,Disregard for law,42,Chitwan
Creative,Vengenful,Anti-state,Concealed Existence,47,Dharan
Goal-oriented,Passionate,Mass-destruction,Thrill-seeking,32,Butwal
Well-networked,Insensitive,Misguided,Risk Tolerance,53,Itahari
Well-organized,Chaotic state of mind,Brain-washed,Manipulate Others,68,Bhaktapur
Skilful,Coward,Rebellious,Religious Fundamentalism,44,Kathmandu
Strategic Planners,Secretive,Low self-worth,Emotions,68,Chitwan
Focused,Determined,Lack Social Skills,Greed,68,Bhaktapur
Resourceful,Strong-willed,Radical,Intolerance,59,Itahari
Focused,Determined,Lack Social Skills,Greed,55,Butwal
Well-networked,Insensitive,Misguided,Risk Tolerance,52,Lalitpur
Skilful,Coward,Rebellious,Religious Fundamentalism,55,Biratnagar
Bully,Aggressive,Marginalised,Disregard for law,52,Biratnagar
Creative,Vengenful,Anti-state,Concealed Existence,18,Lalitpur
Smart,Coercive,Unlawful,Political Support,68,Pokhara
Well-trained,Insensitive,Inferiority Complex,Political Beliefs,63,Kathmandu
Smart,Coercive,Unlawful,Political Support,22,Dharan
Well-trained,Insensitive,Inferiority Complex,Political Beliefs,58,Butwal
Well-networked,Insensitive,Misguided,Risk Tolerance,30,Itahari
Intelligent,Impatient,Anti-establishment,Monetary Gain,50,Dharan
Smart,Coercive,Unlawful,Political Support,43,Itahari
Well-trained,Insensitive,Inferiority Complex,Political Beliefs,39,Bhaktapur
Well Trained,Inhuman Psyche,Anti-social,Need to control others,34,Chitwan
Well-organized,Chaotic state of mind,Brain-washed,Manipulate Others,25,Bhaktapur
Strategic Planners,Secretive,Low self-worth,Emotions,47,Lalitpur
Creative,Vengenful,Anti-state,Concealed Existence,25,Lalitpur
Skilful,Coward,Rebellious,Religious Fundamentalism,39,Biratnagar
Bully,Aggressive,Marginalised,Disregard for law,19,Butwal
Resourceful,Strong-willed,Radical,Intolerance,21,Lalitpur
Well-networked,Insensitive,Misguided,Risk Tolerance,67,Bhaktapur
Bully,Aggressive,Marginalised,Disregard for law,58,Itahari
Well Trained,Inhuman Psyche,Anti-social,Need to control others,28,Hetauda
Well Trained,Inhuman Psyche,Anti-social,Need to control others,39,Biratnagar
Well-organized,Chaotic state of mind,Brain-washed,Manipulate Others,28,Butwal
Strategic Planners,Secretive,Low self-worth,Emotions,52,Butwal
Well Trained,Inhuman Psyche,Anti-social,Need to control others,49,Butwal
Strategic Planners,Secretive,Low self-worth,Emotions,64,Dharan
Skilful,Coward,Rebellious,Religious Fundamentalism,58,Butwal
Creative,Vengenful,Anti-state,Concealed Existence,45,Butwal
Well-organized,Chaotic state of mind,Brain-washed,Manipulate Others,16,Lalitpur
Well-networked,Insensitive,Misguided,Risk Tolerance,18,Bhaktapur
Smart,Coercive,Unlawful,Political Support,45,Biratnagar
Smart,Coercive,Unlawful,Political Support,69,Pokhara
Well-organized,Chaotic state of mind,Brain-washed,Manipulate Others,50,Hetauda
Well-trained,Insensitive,Inferiority Complex,Political Beliefs,61,Biratnagar
Smart,Coercive,Unlawful,Political Support,59,Dharan
Well-trained,Insensitive,Inferiority Complex,Political Beliefs,59,Hetauda
Well-networked,Insensitive,Misguided,Risk Tolerance,43,Hetauda
Well-networked,Insensitive,Misguided,Risk Tolerance,26,Lalitpur
Focused,Determined,Lack Social Skills,Greed,15,Lalitpur
Creative,Vengenful,Anti-state,Concealed Existence,36,Hetauda
Skilful,Coward,Rebellious,Religious Fundamentalism,59,Dharan
Bully,Aggressive,Marginalised,Disregard for law,36,Biratnagar
Creative,Vengenful,Anti-state,Concealed Existence,42,Hetauda
Creative,Vengenful,Anti-state,Concealed Existence,59,Itahari
Well-organized,Chaotic state of mind,Brain-washed,Manipulate Others,23,Pokhara
Resourceful,Strong-willed,Radical,Intolerance,52,Chitwan
Smart,Coercive,Unlawful,Political Support,68,Bhaktapur
Skilful,Coward,Rebellious,Religious Fundamentalism,23,Lalitpur
Well-networked,Insensitive,Misguided,Risk Tolerance,15,Bhaktapur
Bully,Aggressive,Marginalised,Disregard for law,47,Itahari
Well Trained,Inhuman Psyche,Anti-social,Need to control others,58,Dharan
Resourceful,Strong-willed,Radical,Intolerance,59,Itahari
Bully,Aggressive,Marginalised,Disregard for law,31,Biratnagar
Intelligent,Impatient,Anti-establishment,Monetary Gain,43,Hetauda
Bully,Aggressive,Marginalised,Disregard for law,47,Dharan
Resourceful,Strong-willed,Radical,Intolerance,51,Dharan
Well Trained,Inhuman Psyche,Anti-social,Need to control others,16,Hetauda
Smart,Coercive,Unlawful,Political Support,49,Chitwan
Well-trained,Insensitive,Inferiority Complex,Political Beliefs,65,Dharan
Focused,Determined,Lack Social Skills,Greed,46,Dharan
Smart,Coercive,Unlawful,Political Support,29,Dharan
Well Trained,Inhuman Psyche,Anti-social,Need to control others,44,Kathmandu
Resourceful,Strong-willed,Radical,Intolerance,59,Pokhara
Intelligent,Impatient,Anti-establishment,Monetary Gain,68,Pokhara
Smart,Coercive,Unlawful,Political Support,47,Itahari
Well-trained,Insensitive,Inferiority Complex,Political Beliefs,69,Biratnagar
Resourceful,Strong-willed,Radical,Intolerance,53,Biratnagar
Strategic Planners,Secretive,Low self-worth,Emotions,33,Pokhara
Creative,Vengenful,Anti-state,Concealed Existence,22,Butwal
Well-networked,Insensitive,Misguided,Risk Tolerance,31,Lalitpur
Strategic Planners,Secretive,Low self-worth,Emotions,33,Chitwan
Goal-oriented,Passionate,Mass-destruction,Thrill-seeking,28,Lalitpur
Goal-oriented,Passionate,Mass-destruction,Thrill-seeking,49,Hetauda
Goal-oriented,Passionate,Mass-destruction,Thrill-seeking,54,Chitwan
Strategic Planners,Secretive,Low self-worth,Emotions,57,Lalitpur
Smart,Coercive,Unlawful,Political Support,33,Chitwan
Skilful,Coward,Rebellious,Religious Fundamentalism,52,Kathmandu
Bully,Aggressive,Marginalised,Disregard for law,39,Biratnagar
Goal-oriented,Passionate,Mass-destruction,Thrill-seeking,20,Itahari
Well-organized,Chaotic state of mind,Brain-washed,Manipulate Others,37,Butwal
Resourceful,Strong-willed,Radical,Intolerance,18,Biratnagar
Smart,Coercive,Unlawful,Political Support,62,Chitwan
Bully,Aggressive,Marginalised,Disregard for law,17,Bhaktapur
Strategic Planners,Secretive,Low self-worth,Emotions,45,Biratnagar
Well-organized,Chaotic state of mind,Brain-washed,Manipulate Others,46,Dharan
Intelligent,Impatient,Anti-establishment,Monetary Gain,35,Butwal
Well-trained,Insensitive,Inferiority Complex,Political Beliefs,69,Lalitpur
Well-trained,Insensitive,Inferiority Complex,Political Beliefs,40,Dharan
Well Trained,Inhuman Psyche,Anti-social,Need to control others,55,Biratnagar
Well-trained,Insensitive,Inferiority Complex,Political Beliefs,53,Biratnagar
Intelligent,Impatient,Anti-establishment,Monetary Gain,55,Itahari
Intelligent,Impatient,Anti-establishment,Monetary Gain,65,Pokhara
Resourceful,Strong-willed,Radical,Intolerance,56,Dharan
Well-organized,Chaotic state of mind,Brain-washed,Manipulate Others,56,Pokhara
Strategic Planners,Secretive,Low self-worth,Emotions,68,Kathmandu
Well-networked,Insensitive,Misguided,Risk Tolerance,55,Kathmandu
Well Trained,Inhuman Psyche,Anti-social,Need to control others,28,Butwal
Well-organized,Chaotic state of mind,Brain-washed,Manipulate Others,33,Biratnagar
Well-organized,Chaotic state of mind,Brain-washed,Manipulate Others,43,Chitwan
Intelligent,Impatient,Anti-establishment,Monetary Gain,31,Biratnagar
Creative,Vengenful,Anti-state,Concealed Existence,23,Kathmandu
Intelligent,Impatient,Anti-establishment,Monetary Gain,45,Bhaktapur
Well-organized,Chaotic state of mind,Brain-washed,Manipulate Others,61,Dharan
Resourceful,Strong-willed,Radical,Intolerance,60,Pokhara
Well-organized,Chaotic state of mind,Brain-washed,Manipulate Others,65,Biratnagar
Well-networked,Insensitive,Misguided,Risk Tolerance,61,Chitwan
Goal-oriented,Passionate,Mass-destruction,Thrill-seeking,22,Pokhara
Skilful,Coward,Rebellious,Religious Fundamentalism,35,Bhaktapur
Goal-oriented,Passionate,Mass-destruction,Thrill-seeking,23,Pokhara
Focused,Determined,Lack Social Skills,Greed,17,Chitwan
Intelligent,Impatient,Anti-establishment,Monetary Gain,65,Dharan
Well-organized,Chaotic state of mind,Brain-washed,Manipulate Others,49,Lalitpur
Smart,Coercive,Unlawful,Political Support,59,Itahari
Smart,Coercive,Unlawful,Political Support,45,Itahari
Resourceful,Strong-willed,Radical,Intolerance,66,Lalitpur
Well Trained,Inhuman Psyche,Anti-social,Need to control others,20,Itahari
Intelligent,Impatient,Anti-establishment,Monetary Gain,61,Kathmandu
Smart,Coercive,Unlawful,Political Support,51,Butwal
Goal-oriented,Passionate,Mass-destruction,Thrill-seeking,40,Butwal
Bully,Aggressive,Marginalised,Disregard for law,21,Chitwan
Well-networked,Insensitive,Misguided,Risk Tolerance,66,Lalitpur
Well-trained,Insensitive,Inferiority Complex,Political Beliefs,65,Butwal
Well-trained,Insensitive,Inferiority Complex,Political Beliefs,42,Dharan
Intelligent,Impatient,Anti-establishment,Monetary Gain,33,Chitwan
Focused,Determined,Lack Social Skills,Greed,43,Bhaktapur
Creative,Vengenful,Anti-state,Concealed Existence,60,Butwal
Resourceful,Strong-willed,Radical,Intolerance,52,Kathmandu
Strategic Planners,Secretive,Low self-worth,Emotions,57,Lalitpur
Smart,Coercive,Unlawful,Political Support,47,Lalitpur
Smart,Coercive,Unlawful,Political Support,19,Itahari
Bully,Aggressive,Marginalised,Disregard for law,65,Bhaktapur
Bully,Aggressive,Marginalised,Disregard for law,60,Chitwan
Resourceful,Strong-willed,Radical,Intolerance,68,Kathmandu
Resourceful,Strong-willed,Radical,Intolerance,57,Pokhara
Well-organized,Chaotic state of mind,Brain-washed,Manipulate Others,58,Hetauda
Well-trained,Insensitive,Inferiority Complex,Political Beliefs,15,Chitwan
Well-networked,Insensitive,Misguided,Risk Tolerance,51,Hetauda
Creative,Vengenful,Anti-state,Concealed Existence,43,Butwal
Creative,Vengenful,Anti-state,Concealed Existence,17,Biratnagar
Skilful,Coward,Rebellious,Religious Fundamentalism,59,Dharan
Well-trained,Insensitive,Inferiority Complex,Political Beliefs,57,Kathmandu
Smart,Coercive,Unlawful,Political Support,52,Butwal
Skilful,Coward,Rebellious,Religious Fundamentalism,64,Itahari
Goal-oriented,Passionate,Mass-destruction,Thrill-seeking,15,Kathmandu
Well-networked,Insensitive,Misguided,Risk Tolerance,20,Biratnagar
Well-trained,Insensitive,Inferiority Complex,Political Beliefs,52,Hetauda
Well-trained,Insensitive,Inferiority Complex,Political Beliefs,15,Hetauda
Smart,Coercive,Unlawful,Political Support,25,Butwal
Well-networked,Insensitive,Misguided,Risk Tolerance,28,Chitwan
Well Trained,Inhuman Psyche,Anti-social,Need to control others,26,Butwal
Well Trained,Inhuman Psyche,Anti-social,Need to control others,22,Hetauda
Focused,Determined,Lack Social Skills,Greed,63,Itahari
Bully,Aggressive,Marginalised,Disregard for law,56,Bhaktapur
Well Trained,Inhuman Psyche,Anti-social,Need to control others,35,Pokhara
Well-organized,Chaotic state of mind,Brain-washed,Manipulate Others,69,Butwal
Skilful,Coward,Rebellious,Religious Fundamentalism,40,Biratnagar
Resourceful,Strong-willed,Radical,Intolerance,38,Biratnagar
Smart,Coercive,Unlawful,Political Support,21,Pokhara
Focused,Determined,Lack Social Skills,Greed,64,Butwal
Creative,Vengenful,Anti-state,Concealed Existence,65,Lalitpur
Well-organized,Chaotic state of mind,Brain-washed,Manipulate Others,36,Dharan
Bully,Aggressive,Marginalised,Disregard for law,18,Hetauda
Well-organized,Chaotic state of mind,Brain-washed,Manipulate Others,60,Chitwan
Well-networked,Insensitive,Misguided,Risk Tolerance,18,Lalitpur
Focused,Determined,Lack Social Skills,Greed,42,Biratnagar
Creative,Vengenful,Anti-state,Concealed Existence,58,Itahari
Creative,Vengenful,Anti-state,Concealed Existence,32,Lalitpur
Skilful,Coward,Rebellious,Religious Fundamentalism,41,Kathmandu
Goal-oriented,Passionate,Mass-destruction,Thrill-seeking,53,Itahari
Focused,Determined,Lack Social Skills,Greed,55,Butwal
Resourceful,Strong-willed,Radical,Intolerance,53,Chitwan
Smart,Coercive,Unlawful,Political Support,29,Bhaktapur
Well-trained,Insensitive,Inferiority Complex,Political Beliefs,57,Pokhara
Focused,Determined,Lack Social Skills,Greed,69,Chitwan
Resourceful,Strong-willed,Radical,Intolerance,17,Butwal
Well Trained,Inhuman Psyche,Anti-social,Need to control others,44,Itahari
Resourceful,Strong-willed,Radical,Intolerance,17,Bhaktapur
Resourceful,Strong-willed,Radical,Intolerance,33,Itahari
Well-networked,Insensitive,Misguided,Risk Tolerance,20,Dharan
Well-organized,Chaotic state of mind,Brain-washed,Manipulate Others,63,Pokhara
Goal-oriented,Passionate,Mass-destruction,Thrill-seeking,55,Hetauda
Creative,Vengenful,Anti-state,Concealed Existence,67,Hetauda
Skilful,Coward,Rebellious,Religious Fundamentalism,39,Hetauda
Smart,Coercive,Unlawful,Political Support,18,Kathmandu
Resourceful,Strong-willed,Radical,Intolerance,18,Bhaktapur
Well-trained,Insensitive,Inferiority Complex,Political Beliefs,15,Bhaktapur
Well Trained,Inhuman Psyche,Anti-social,Need to control others,23,Hetauda
Resourceful,Strong-willed,Radical,Intolerance,38,Chitwan
Well-trained,Insensitive,Inferiority Complex,Political Beliefs,41,Kathmandu
Strategic Planners,Secretive,Low self-worth,Emotions,28,Bhaktapur
Well-trained,Insensitive,Inferiority Complex,Political Beliefs,61,Dharan
Focused,Determined,Lack Social Skills,Greed,24,Biratnagar
Well Trained,Inhuman Psyche,Anti-social,Need to control others,57,Kathmandu
Well-organized,Chaotic state of mind,Brain-washed,Manipulate Others,31,Hetauda
Well-organized,Chaotic state of mind,Brain-washed,Manipulate Others,16,Hetauda
Well-organized,Chaotic state of mind,Brain-washed,Manipulate Others,62,Chitwan
Focused,Determined,Lack Social Skills,Greed,35,Kathmandu
Strategic Planners,Secretive,Low self-worth,Emotions,45,Lalitpur
Well-trained,Insensitive,Inferiority Complex,Political Beliefs,58,Lalitpur
Focused,Determined,Lack Social Skills,Greed,58,Bhaktapur
Smart,Coercive,Unlawful,Political Support,17,Dharan
Well-organized,Chaotic state of mind,Brain-washed,Manipulate Others,62,Kathmandu
Bully,Aggressive,Marginalised,Disregard for law,48,Butwal
Smart,Coercive,Unlawful,Political Support,58,Chitwan
Well-trained,Insensitive,Inferiority Complex,Political Beliefs,64,Chitwan
Creative,Vengenful,Anti-state,Concealed Existence,67,Pokhara
Intelligent,Impatient,Anti-establishment,Monetary Gain,41,Chitwan
Resourceful,Strong-willed,Radical,Intolerance,68,Butwal
Well-networked,Insensitive,Misguided,Risk Tolerance,37,Pokhara
Well-networked,Insensitive,Misguided,Risk Tolerance,58,Chitwan
Well Trained,Inhuman Psyche,Anti-social,Need to control others,28,Dharan
Goal-oriented,Passionate,Mass-destruction,Thrill-seeking,20,Kathmandu
Well-organized,Chaotic state of mind,Brain-washed,Manipulate Others,54,Chitwan
Bully,Aggressive,Marginalised,Disregard for law,32,Itahari
Focused,Determined,Lack Social Skills,Greed,55,Hetauda
Strategic Planners,Secretive,Low self-worth,Emotions,27,Pokhara
Well-networked,Insensitive,Misguided,Risk Tolerance,55,Pokhara
Well-trained,Insensitive,Inferiority Complex,Political Beliefs,25,Kathmandu
Resourceful,Strong-willed,Radical,Intolerance,35,Itahari
Well-organized,Chaotic state of mind,Brain-washed,Manipulate Others,67,Kathmandu
Skilful,Coward,Rebellious,Religious Fundamentalism,25,Dharan
Focused,Determined,Lack Social Skills,Greed,15,Dharan
Bully,Aggressive,Marginalised,Disregard for law,56,Itahari
Bully,Aggressive,Marginalised,Disregard for law,33,Biratnagar
Goal-oriented,Passionate,Mass-destruction,Thrill-seeking,29,Pokhara
Strategic Planners,Secretive,Low self-worth,Emotions,41,Pokhara
Creative,Vengenful,Anti-state,Concealed Existence,33,Bhaktapur
Smart,Coercive,Unlawful,Political Support,19,Butwal
Well-networked,Insensitive,Misguided,Risk Tolerance,45,Chitwan
Goal-oriented,Passionate,Mass-destruction,Thrill-seeking,61,Lalitpur
Resourceful,Strong-willed,Radical,Intolerance,64,Itahari
Well-organized,Chaotic state of mind,Brain-washed,Manipulate Others,67,Hetauda
Resourceful,Strong-willed,Radical,Intolerance,65,Butwal
Strategic Planners,Secretive,Low self-worth,Emotions,24,Itahari
Well Trained,Inhuman Psyche,Anti-social,Need to control others,30,Lalitpur
Strategic Planners,Secretive,Low self-worth,Emotions,60,Dharan
Goal-oriented,Passionate,Mass-destruction,Thrill-seeking,58,Lalitpur
Resourceful,Strong-willed,Radical,Intolerance,51,Kathmandu
Well-networked,Insensitive,Misguided,Risk Tolerance,18,Bhaktapur
Smart,Coercive,Unlawful,Political Support,18,Lalitpur
Well-organized,Chaotic state of mind,Brain-washed,Manipulate Others,17,Lalitpur
Intelligent,Impatient,Anti-establishment,Monetary Gain,30,Bhaktapur
Well-networked,Insensitive,Misguided,Risk Tolerance,47,Hetauda
Intelligent,Impatient,Anti-establishment,Monetary Gain,27,Bhaktapur
Creative,Vengenful,Anti-state,Concealed Existence,34,Hetauda
Bully,Aggressive,Marginalised,Disregard for law,37,Itahari
Creative,Vengenful,Anti-state,Concealed Existence,36,Butwal
Smart,Coercive,Unlawful,Political Support,69,Kathmandu
Well-trained,Insensitive,Inferiority Complex,Political Beliefs,55,Hetauda
Bully,Aggressive,Marginalised,Disregard for law,64,Biratnagar
Well-organized,Chaotic state of mind,Brain-washed,Manipulate Others,29,Bhaktapur
Well-organized,Chaotic state of mind,Brain-washed,Manipulate Others,66,Dharan
Focused,Determined,Lack Social Skills,Greed,53,Lalitpur
Focused,Determined,Lack Social Skills,Greed,65,Pokhara
Resourceful,Strong-willed,Radical,Intolerance,62,Butwal
Well-trained,Insensitive,Inferiority Complex,Political Beliefs,22,Kathmandu
Focused,Determined,Lack Social Skills,Greed,60,Pokhara
Focused,Determined,Lack Social Skills,Greed,69,Lalitpur
Creative,Vengenful,Anti-state,Concealed Existence,32,Chitwan
Focused,Determined,Lack Social Skills,Greed,63,Itahari
Well-networked,Insensitive,Misguided,Risk Tolerance,33,Butwal
Skilful,Coward,Rebellious,Religious Fundamentalism,26,Pokhara
Creative,Vengenful,Anti-state,Concealed Existence,16,Dharan
Well Trained,Inhuman Psyche,Anti-social,Need to control others,20,Pokhara
Well-networked,Insensitive,Misguided,Risk Tolerance,40,Itahari
Well Trained,Inhuman Psyche,Anti-social,Need to control others,69,Lalitpur
Well-organized,Chaotic state of mind,Brain-washed,Manipulate Others,37,Pokhara
Skilful,Coward,Rebellious,Religious Fundamentalism,56,Dharan
Well-organized,Chaotic state of mind,Brain-washed,Manipulate Others,16,Kathmandu
Intelligent,Impatient,Anti-establishment,Monetary Gain,16,Chitwan
Well-networked,Insensitive,Misguided,Risk Tolerance,49,Biratnagar
Strategic Planners,Secretive,Low self-worth,Emotions,25,Itahari
Well Trained,Inhuman Psyche,Anti-social,Need to control others,68,Itahari
Goal-oriented,Passionate,Mass-destruction,Thrill-seeking,50,Bhaktapur
Well-organized,Chaotic state of mind,Brain-washed,Manipulate Others,50,Bhaktapur
Well-trained,Insensitive,Inferiority Complex,Political Beliefs,67,Hetauda
Resourceful,Strong-willed,Radical,Intolerance,28,Lalitpur
Focused,Determined,Lack Social Skills,Greed,69,Itahari
Creative,Vengenful,Anti-state,Concealed Existence,54,Itahari
Well Trained,Inhuman Psyche,Anti-social,Need to control others,66,Pokhara
Creative,Vengenful,Anti-state,Concealed Existence,24,Kathmandu
Bully,Aggressive,Marginalised,Disregard for law,64,Itahari
Well-networked,Insensitive,Misguided,Risk Tolerance,63,Itahari
Skilful,Coward,Rebellious,Religious Fundamentalism,51,Itahari
Well-trained,Insensitive,Inferiority Complex,Political Beliefs,35,Lalitpur
Smart,Coercive,Unlawful,Political Support,52,Dharan
Bully,Aggressive,Marginalised,Disregard for law,33,Chitwan
Smart,Coercive,Unlawful,Political Support,43,Hetauda
Focused,Determined,Lack Social Skills,Greed,25,Biratnagar
Focused,Determined,Lack Social Skills,Greed,32,Biratnagar
Skilful,Coward,Rebellious,Religious Fundamentalism,46,Dharan
Smart,Coercive,Unlawful,Political Support,37,Bhaktapur
Skilful,Coward,Rebellious,Religious Fundamentalism,21,Butwal
Strategic Planners,Secretive,Low self-worth,Emotions,51,Dharan
Intelligent,Impatient,Anti-establishment,Monetary Gain,37,Lalitpur
Well Trained,Inhuman Psyche,Anti-social,Need to control others,19,Kathmandu
Bully,Aggressive,Marginalised,Disregard for law,37,Pokhara
Well-trained,Insensitive,Inferiority Complex,Political Beliefs,37,Lalitpur
Creative,Vengenful,Anti-state,Concealed Existence,26,Itahari
Resourceful,Strong-willed,Radical,Intolerance,55,Biratnagar
Well-trained,Insensitive,Inferiority Complex,Political Beliefs,66,Butwal
Strategic Planners,Secretive,Low self-worth,Emotions,59,Lalitpur
Creative,Vengenful,Anti-state,Concealed Existence,16,Butwal
Creative,Vengenful,Anti-state,Concealed Existence,52,Hetauda
Well-networked,Insensitive,Misguided,Risk Tolerance,36,Itahari
Strategic Planners,Secretive,Low self-worth,Emotions,66,Hetauda
Focused,Determined,Lack Social Skills,Greed,46,Kathmandu
Goal-oriented,Passionate,Mass-destruction,Thrill-seeking,47,Hetauda
Resourceful,Strong-willed,Radical,Intolerance,41,Biratnagar
Well-trained,Insensitive,Inferiority Complex,Political Beliefs,66,Biratnagar
Focused,Determined,Lack Social Skills,Greed,63,Lalitpur
Skilful,Coward,Rebellious,Religious Fundamentalism,21,Biratnagar
Well-organized,Chaotic state of mind,Brain-washed,Manipulate Others,69,Hetauda
Bully,Aggressive,Marginalised,Disregard for law,25,Itahari
Bully,Aggressive,Marginalised,Disregard for law,54,Bhaktapur
Strategic Planners,Secretive,Low self-worth,Emotions,18,Chitwan
Well-networked,Insensitive,Misguided,Risk Tolerance,24,Chitwan
Bully,Aggressive,Marginalised,Disregard for law,22,Dharan
Smart,Coercive,Unlawful,Political Support,25,Bhaktapur
Well-networked,Insensitive,Misguided,Risk Tolerance,48,Butwal
Goal-oriented,Passionate,Mass-destruction,Thrill-seeking,66,Lalitpur
Well-trained,Insensitive,Inferiority Complex,Political Beliefs,39,Butwal
Well Trained,Inhuman Psyche,Anti-social,Need to control others,30,Chitwan
Well-trained,Insensitive,Inferiority Complex,Political Beliefs,45,Itahari
Well-organized,Chaotic state of mind,Brain-washed,Manipulate Others,67,Butwal
Goal-oriented,Passionate,Mass-destruction,Thrill-seeking,67,Kathmandu
Resourceful,Strong-willed,Radical,Intolerance,47,Bhaktapur
Bully,Aggressive,Marginalised,Disregard for law,29,Chitwan
Well-organized,Chaotic state of mind,Brain-washed,Manipulate Others,43,Dharan
Skilful,Coward,Rebellious,Religious Fundamentalism,61,Kathmandu
Well-networked,Insensitive,Misguided,Risk Tolerance,54,Bhaktapur
Creative,Vengenful,Anti-state,Concealed Existence,41,Hetauda
Resourceful,Strong-willed,Radical,Intolerance,45,Bhaktapur
Creative,Vengenful,Anti-state,Concealed Existence,37,Lalitpur
Strategic Planners,Secretive,Low self-worth,Emotions,58,Pokhara
Resourceful,Strong-willed,Radical,Intolerance,49,Pokhara
Creative,Vengenful,Anti-state,Concealed Existence,53,Dharan
Bully,Aggressive,Marginalised,Disregard for law,51,Biratnagar
Creative,Vengenful,Anti-state,Concealed Existence,41,Chitwan
Bully,Aggressive,Marginalised,Disregard for law,37,Kathmandu
Well-trained,Insensitive,Inferiority Complex,Political Beliefs,50,Itahari
Creative,Vengenful,Anti-state,Concealed Existence,59,Butwal
Resourceful,Strong-willed,Radical,Intolerance,62,Biratnagar
Goal-oriented,Passionate,Mass-destruction,Thrill-seeking,47,Pokhara
Goal-oriented,Passionate,Mass-destruction,Thrill-seeking,64,Chitwan
Focused,Determined,Lack Social Skills,Greed,30,Bhaktapur
Goal-oriented,Passionate,Mass-destruction,Thrill-seeking,20,Chitwan
Strategic Planners,Secretive,Low self-worth,Emotions,35,Biratnagar
Smart,Coercive,Unlawful,Political Support,42,Dharan
Intelligent,Impatient,Anti-establishment,Monetary Gain,32,Butwal
Well-networked,Insensitive,Misguided,Risk Tolerance,17,Hetauda
Intelligent,Impatient,Anti-establishment,Monetary Gain,58,Hetauda
Focused,Determined,Lack Social Skills,Greed,50,Chitwan
Focused,Determined,Lack Social Skills,Greed,53,Lalitpur
Creative,Vengenful,Anti-state,Concealed Existence,51,Chitwan
Creative,Vengenful,Anti-state,Concealed Existence,55,Bhaktapur
Smart,Coercive,Unlawful,Political Support,44,Lalitpur
Intelligent,Impatient,Anti-establishment,Monetary Gain,28,Kathmandu
Well Trained,Inhuman Psyche,Anti-social,Need to control others,38,Dharan
Focused,Determined,Lack Social Skills,Greed,15,Lalitpur
Well-organized,Chaotic state of mind,Brain-washed,Manipulate Others,22,Butwal
Well Trained,Inhuman Psyche,Anti-social,Need to control others,29,Itahari
Well-trained,Insensitive,Inferiority Complex,Political Beliefs,16,Biratnagar
Resourceful,Strong-willed,Radical,Intolerance,62,Itahari
Creative,Vengenful,Anti-state,Concealed Existence,16,Itahari
Smart,Coercive,Unlawful,Political Support,47,Hetauda
Intelligent,Impatient,Anti-establishment,Monetary Gain,68,Pokhara
Goal-oriented,Passionate,Mass-destruction,Thrill-seeking,17,Lalitpur
Resourceful,Strong-willed,Radical,Intolerance,38,Butwal
Well-organized,Chaotic state of mind,Brain-washed,Manipulate Others,65,Chitwan
Smart,Coercive,Unlawful,Political Support,48,Dharan
Well-organized,Chaotic state of mind,Brain-washed,Manipulate Others,69,Chitwan
Bully,Aggressive,Marginalised,Disregard for law,27,Hetauda
Well Trained,Inhuman Psyche,Anti-social,Need to control others,57,Chitwan
Strategic Planners,Secretive,Low self-worth,Emotions,48,Lalitpur
Focused,Determined,Lack Social Skills,Greed,16,Bhaktapur
Smart,Coercive,Unlawful,Political Support,23,Dharan
Intelligent,Impatient,Anti-establishment,Monetary Gain,26,Biratnagar
Well-networked,Insensitive,Misguided,Risk Tolerance,39,Pokhara
Strategic Planners,Secretive,Low self-worth,Emotions,63,Dharan
Well-trained,Insensitive,Inferiority Complex,Political Beliefs,32,Lalitpur
Smart,Coercive,Unlawful,Political Support,49,Biratnagar
Skilful,Coward,Rebellious,Religious Fundamentalism,35,Butwal
Skilful,Coward,Rebellious,Religious Fundamentalism,62,Butwal
Well-networked,Insensitive,Misguided,Risk Tolerance,54,Hetauda
Well-networked,Insensitive,Misguided,Risk Tolerance,55,Butwal
Intelligent,Impatient,Anti-establishment,Monetary Gain,42,Itahari
Goal-oriented,Passionate,Mass-destruction,Thrill-seeking,21,Butwal
Well Trained,Inhuman Psyche,Anti-social,Need to control others,47,Lalitpur
Resourceful,Strong-willed,Radical,Intolerance,63,Dharan
Intelligent,Impatient,Anti-establishment,Monetary Gain,50,Lalitpur
Creative,Vengenful,Anti-state,Concealed Existence,42,Butwal
Well Trained,Inhuman Psyche,Anti-social,Need to control others,30,Hetauda
Well-trained,Insensitive,Inferiority Complex,Political Beliefs,22,Chitwan
Strategic Planners,Secretive,Low self-worth,Emotions,21,Dharan
Focused,Determined,Lack Social Skills,Greed,62,Itahari
Bully,Aggressive,Marginalised,Disregard for law,43,Butwal
Well-organized,Chaotic state of mind,Brain-washed,Manipulate Others,17,Dharan
Smart,Coercive,Unlawful,Political Support,57,Bhaktapur
Resourceful,Strong-willed,Radical,Intolerance,21,Bhaktapur
Well-networked,Insensitive,Misguided,Risk Tolerance,57,Pokhara
Intelligent,Impatient,Anti-establishment,Monetary Gain,27,Kathmandu
Skilful,Coward,Rebellious,Religious Fundamentalism,42,Hetauda
Bully,Aggressive,Marginalised,Disregard for law,53,Chitwan
Skilful,Coward,Rebellious,Religious Fundamentalism,43,Pokhara
Well-trained,Insensitive,Inferiority Complex,Political Beliefs,59,Lalitpur
Resourceful,Strong-willed,Radical,Intolerance,66,Lalitpur
Goal-oriented,Passionate,Mass-destruction,Thrill-seeking,17,Biratnagar
Bully,Aggressive,Marginalised,Disregard for law,48,Biratnagar
Creative,Vengenful,Anti-state,Concealed Existence,49,Chitwan
Skilful,Coward,Rebellious,Religious Fundamentalism,61,Itahari
Bully,Aggressive,Marginalised,Disregard for law,37,Itahari
Well-organized,Chaotic state of mind,Brain-washed,Manipulate Others,49,Butwal
Bully,Aggressive,Marginalised,Disregard for law,18,Pokhara
Well-networked,Insensitive,Misguided,Risk Tolerance,46,Butwal
Skilful,Coward,Rebellious,Religious Fundamentalism,17,Hetauda
Well Trained,Inhuman Psyche,Anti-social,Need to control others,35,Chitwan
Strategic Planners,Secretive,Low self-worth,Emotions,44,Butwal
Goal-oriented,Passionate,Mass-destruction,Thrill-seeking,66,Itahari
Focused,Determined,Lack Social Skills,Greed,47,Itahari
Goal-oriented,Passionate,Mass-destruction,Thrill-seeking,58,Pokhara
Well-networked,Insensitive,Misguided,Risk Tolerance,18,Lalitpur
Focused,Determined,Lack Social Skills,Greed,45,Pokhara
Smart,Coercive,Unlawful,Political Support,59,Butwal
Resourceful,Strong-willed,Radical,Intolerance,65,Kathmandu
Focused,Determined,Lack Social Skills,Greed,49,Chitwan
Goal-oriented,Passionate,Mass-destruction,Thrill-seeking,56,Chitwan
Well-organized,Chaotic state of mind,Brain-washed,Manipulate Others,64,Itahari
Well-trained,Insensitive,Inferiority Complex,Political Beliefs,69,Pokhara
Resourceful,Strong-willed,Radical,Intolerance,49,Chitwan
Well-trained,Insensitive,Inferiority Complex,Political Beliefs,46,Butwal
Well-organized,Chaotic state of mind,Brain-washed,Manipulate Others,16,Butwal
Focused,Determined,Lack Social Skills,Greed,32,Bhaktapur
Smart,Coercive,Unlawful,Political Support,63,Biratnagar
Resourceful,Strong-willed,Radical,Intolerance,65,Biratnagar
Well-organized,Chaotic state of mind,Brain-washed,Manipulate Others,21,Butwal
Smart,Coercive,Unlawful,Political Support,57,Biratnagar
Strategic Planners,Secretive,Low self-worth,Emotions,56,Biratnagar
Focused,Determined,Lack Social Skills,Greed,21,Pokhara
Smart,Coercive,Unlawful,Political Support,42,Hetauda
Well-networked,Insensitive,Misguided,Risk Tolerance,16,Dharan
Intelligent,Impatient,Anti-establishment,Monetary Gain,28,Biratnagar
Well-trained,Insensitive,Inferiority Complex,Political Beliefs,48,Lalitpur
Well-trained,Insensitive,Inferiority Complex,Political Beliefs,56,Bhaktapur
Creative,Vengenful,Anti-state,Concealed Existence,67,Chitwan
Bully,Aggressive,Marginalised,Disregard for law,45,Itahari
Smart,Coercive,Unlawful,Political Support,47,Lalitpur
Smart,Coercive,Unlawful,Political Support,53,Kathmandu
Strategic Planners,Secretive,Low self-worth,Emotions,52,Biratnagar
Well Trained,Inhuman Psyche,Anti-social,Need to control others,34,Lalitpur
Well-trained,Insensitive,Inferiority Complex,Political Beliefs,32,Pokhara
Well-trained,Insensitive,Inferiority Complex,Political Beliefs,64,Pokhara
Goal-oriented,Passionate,Mass-destruction,Thrill-seeking,29,Bhaktapur
Well-trained,Insensitive,Inferiority Complex,Political Beliefs,48,Bhaktapur
Well-networked,Insensitive,Misguided,Risk Tolerance,65,Chitwan
Intelligent,Impatient,Anti-establishment,Monetary Gain,69,Kathmandu
Strategic Planners,Secretive,Low self-worth,Emotions,66,Kathmandu
Focused,Determined,Lack Social Skills,Greed,51,Pokhara
Well-trained,Insensitive,Inferiority Complex,Political Beliefs,60,Dharan
Well-trained,Insensitive,Inferiority Complex,Political Beliefs,41,Dharan
Creative,Vengenful,Anti-state,Concealed Existence,35,Dharan
Well Trained,Inhuman Psyche,Anti-social,Need to control others,20,Dharan
Well Trained,Inhuman Psyche,Anti-social,Need to control others,56,Biratnagar
Intelligent,Impatient,Anti-establishment,Monetary Gain,39,Dharan
Resourceful,Strong-willed,Radical,Intolerance,49,Kathmandu
Strategic Planners,Secretive,Low self-worth,Emotions,60,Butwal
Skilful,Coward,Rebellious,Religious Fundamentalism,39,Pokhara
Bully,Aggressive,Marginalised,Disregard for law,22,Pokhara
Bully,Aggressive,Marginalised,Disregard for law,39,Dharan
Well Trained,Inhuman Psyche,Anti-social,Need to control others,43,Kathmandu
Well Trained,Inhuman Psyche,Anti-social,Need to control others,40,Kathmandu
Smart,Coercive,Unlawful,Political Support,51,Itahari
Strategic Planners,Secretive,Low self-worth,Emotions,69,Itahari
Skilful,Coward,Rebellious,Religious Fundamentalism,39,Itahari
Creative,Vengenful,Anti-state,Concealed Existence,35,Kathmandu
Well-trained,Insensitive,Inferiority Complex,Political Beliefs,21,Butwal
Well-trained,Insensitive,Inferiority Complex,Political Beliefs,20,Biratnagar
Bully,Aggressive,Marginalised,Disregard for law,49,Itahari
Creative,Vengenful,Anti-state,Concealed Existence,67,Butwal
Creative,Vengenful,Anti-state,Concealed Existence,56,Lalitpur
Intelligent,Impatient,Anti-establishment,Monetary Gain,28,Bhaktapur
Creative,Vengenful,Anti-state,Concealed Existence,58,Lalitpur
Goal-oriented,Passionate,Mass-destruction,Thrill-seeking,44,Chitwan
Well Trained,Inhuman Psyche,Anti-social,Need to control others,45,Biratnagar
Resourceful,Strong-willed,Radical,Intolerance,36,Dharan
Focused,Determined,Lack Social Skills,Greed,32,Kathmandu
Skilful,Coward,Rebellious,Religious Fundamentalism,24,Lalitpur
Well-trained,Insensitive,Inferiority Complex,Political Beliefs,20,Hetauda
Strategic Planners,Secretive,Low self-worth,Emotions,46,Hetauda
Well-organized,Chaotic state of mind,Brain-washed,Manipulate Others,55,Lalitpur
Goal-oriented,Passionate,Mass-destruction,Thrill-seeking,44,Kathmandu
Bully,Aggressive,Marginalised,Disregard for law,68,Kathmandu
Bully,Aggressive,Marginalised,Disregard for law,64,Lalitpur
Strategic Planners,Secretive,Low self-worth,Emotions,48,Lalitpur
Skilful,Coward,Rebellious,Religious Fundamentalism,58,Butwal
Intelligent,Impatient,Anti-establishment,Monetary Gain,46,Bhaktapur
Well-organized,Chaotic state of mind,Brain-washed,Manipulate Others,55,Itahari
Well-networked,Insensitive,Misguided,Risk Tolerance,33,Dharan
Well-organized,Chaotic state of mind,Brain-washed,Manipulate Others,57,Chitwan
Resourceful,Strong-willed,Radical,Intolerance,33,Pokhara
Smart,Coercive,Unlawful,Political Support,32,Dharan
Well-networked,Insensitive,Misguided,Risk Tolerance,36,Itahari
Creative,Vengenful,Anti-state,Concealed Existence,46,Hetauda
Well-networked,Insensitive,Misguided,Risk Tolerance,28,Bhaktapur
Resourceful,Strong-willed,Radical,Intolerance,25,Pokhara
Resourceful,Strong-willed,Radical,Intolerance,53,Itahari
Creative,Vengenful,Anti-state,Concealed Existence,63,Dharan
Smart,Coercive,Unlawful,Political Support,20,Biratnagar
Well-organized,Chaotic state of mind,Brain-washed,Manipulate Others,61,Butwal
Focused,Determined,Lack Social Skills,Greed,29,Kathmandu
Strategic Planners,Secretive,Low self-worth,Emotions,15,Lalitpur
Creative,Vengenful,Anti-state,Concealed Existence,64,Chitwan
Well-networked,Insensitive,Misguided,Risk Tolerance,46,Biratnagar
Well-trained,Insensitive,Inferiority Complex,Political Beliefs,65,Hetauda
Goal-oriented,Passionate,Mass-destruction,Thrill-seeking,40,Pokhara
Skilful,Coward,Rebellious,Religious Fundamentalism,22,Kathmandu
Well-organized,Chaotic state of mind,Brain-washed,Manipulate Others,37,Chitwan
Strategic Planners,Secretive,Low self-worth,Emotions,49,Hetauda
Well Trained,Inhuman Psyche,Anti-social,Need to control others,45,Bhaktapur
Well-networked,Insensitive,Misguided,Risk Tolerance,35,Butwal
Focused,Determined,Lack Social Skills,Greed,16,Lalitpur
Strategic Planners,Secretive,Low self-worth,Emotions,66,Biratnagar
Well-organized,Chaotic state of mind,Brain-washed,Manipulate Others,45,Lalitpur
Strategic Planners,Secretive,Low self-worth,Emotions,18,Pokhara
Skilful,Coward,Rebellious,Religious Fundamentalism,65,Chitwan
Well-trained,Insensitive,Inferiority Complex,Political Beliefs,34,Butwal
Goal-oriented,Passionate,Mass-destruction,Thrill-seeking,64,Biratnagar
Intelligent,Impatient,Anti-establishment,Monetary Gain,31,Chitwan
Well-organized,Chaotic state of mind,Brain-washed,Manipulate Others,15,Dharan
Well-networked,Insensitive,Misguided,Risk Tolerance,56,Kathmandu
Focused,Determined,Lack Social Skills,Greed,54,Dharan
Well-networked,Insensitive,Misguided,Risk Tolerance,62,Lalitpur
Well-organized,Chaotic state of mind,Brain-washed,Manipulate Others,57,Kathmandu
Strategic Planners,Secretive,Low self-worth,Emotions,61,Lalitpur
Well-trained,Insensitive,Inferiority Complex,Political Beliefs,69,Butwal
Bully,Aggressive,Marginalised,Disregard for law,16,Butwal
Well Trained,Inhuman Psyche,Anti-social,Need to control others,62,Bhaktapur
Strategic Planners,Secretive,Low self-worth,Emotions,40,Butwal
Goal-oriented,Passionate,Mass-destruction,Thrill-seeking,58,Dharan
Goal-oriented,Passionate,Mass-destruction,Thrill-seeking,51,Pokhara
Strategic Planners,Secretive,Low self-worth,Emotions,66,Itahari
Well Trained,Inhuman Psyche,Anti-social,Need to control others,21,Hetauda
Smart,Coercive,Unlawful,Political Support,43,Pokhara
Skilful,Coward,Rebellious,Religious Fundamentalism,51,Hetauda
Well Trained,Inhuman Psyche,Anti-social,Need to control others,56,Lalitpur
Smart,Coercive,Unlawful,Political Support,68,Kathmandu
Intelligent,Impatient,Anti-establishment,Monetary Gain,50,Pokhara
Smart,Coercive,Unlawful,Political Support,20,Kathmandu
Well-networked,Insensitive,Misguided,Risk Tolerance,43,Biratnagar
Smart,Coercive,Unlawful,Political Support,16,Biratnagar
Well Trained,Inhuman Psyche,Anti-social,Need to control others,61,Bhaktapur
Well-networked,Insensitive,Misguided,Risk Tolerance,16,Dharan
Skilful,Coward,Rebellious,Religious Fundamentalism,29,Lalitpur
Intelligent,Impatient,Anti-establishment,Monetary Gain,41,Biratnagar
Resourceful,Strong-willed,Radical,Intolerance,38,Dharan
Well Trained,Inhuman Psyche,Anti-social,Need to control others,18,Biratnagar
Resourceful,Strong-willed,Radical,Intolerance,28,Chitwan
Bully,Aggressive,Marginalised,Disregard for law,36,Butwal
Intelligent,Impatient,Anti-establishment,Monetary Gain,45,Hetauda
Well-trained,Insensitive,Inferiority Complex,Political Beliefs,27,Lalitpur
Focused,Determined,Lack Social Skills,Greed,48,Dharan
Well-organized,Chaotic state of mind,Brain-washed,Manipulate Others,30,Lalitpur
Skilful,Coward,Rebellious,Religious Fundamentalism,15,Hetauda
Goal-oriented,Passionate,Mass-destruction,Thrill-seeking,67,Biratnagar
Creative,Vengenful,Anti-state,Concealed Existence,20,Chitwan
Well Trained,Inhuman Psyche,Anti-social,Need to control others,24,Pokhara
Intelligent,Impatient,Anti-establishment,Monetary Gain,25,Lalitpur
Intelligent,Impatient,Anti-establishment,Monetary Gain,29,Butwal
Skilful,Coward,Rebellious,Religious Fundamentalism,22,Chitwan
Well-organized,Chaotic state of mind,Brain-washed,Manipulate Others,21,Hetauda
Goal-oriented,Passionate,Mass-destruction,Thrill-seeking,60,Itahari
Strategic Planners,Secretive,Low self-worth,Emotions,37,Hetauda
Focused,Determined,Lack Social Skills,Greed,22,Kathmandu
Goal-oriented,Passionate,Mass-destruction,Thrill-seeking,68,Hetauda
Strategic Planners,Secretive,Low self-worth,Emotions,60,Butwal
Smart,Coercive,Unlawful,Political Support,29,Chitwan
Goal-oriented,Passionate,Mass-destruction,Thrill-seeking,35,Pokhara
Skilful,Coward,Rebellious,Religious Fundamentalism,57,Bhaktapur
Strategic Planners,Secretive,Low self-worth,Emotions,42,Kathmandu
Strategic Planners,Secretive,Low self-worth,Emotions,26,Dharan
Creative,Vengenful,Anti-state,Concealed Existence,56,Hetauda
Strategic Planners,Secretive,Low self-worth,Emotions,34,Pokhara
Goal-oriented,Passionate,Mass-destruction,Thrill-seeking,41,Biratnagar
Skilful,Coward,Rebellious,Religious Fundamentalism,58,Itahari
Strategic Planners,Secretive,Low self-worth,Emotions,35,Lalitpur
Well-organized,Chaotic state of mind,Brain-washed,Manipulate Others,19,Hetauda
Skilful,Coward,Rebellious,Religious Fundamentalism,30,Biratnagar
Well-trained,Insensitive,Inferiority Complex,Political Beliefs,29,Biratnagar
Well Trained,Inhuman Psyche,Anti-social,Need to control others,57,Butwal
Resourceful,Strong-willed,Radical,Intolerance,68,Butwal
Focused,Determined,Lack Social Skills,Greed,38,Chitwan
Resourceful,Strong-willed,Radical,Intolerance,53,Hetauda
Resourceful,Strong-willed,Radical,Intolerance,29,Butwal
Well Trained,Inhuman Psyche,Anti-social,Need to control others,23,Itahari
Well-networked,Insensitive,Misguided,Risk Tolerance,27,Hetauda
Well-networked,Insensitive,Misguided,Risk Tolerance,61,Butwal
Goal-oriented,Passionate,Mass-destruction,Thrill-seeking,36,Pokhara
Focused,Determined,Lack Social Skills,Greed,69,Hetauda
Goal-oriented,Passionate,Mass-destruction,Thrill-seeking,31,Bhaktapur
Well Trained,Inhuman Psyche,Anti-social,Need to control others,45,Biratnagar
Goal-oriented,Passionate,Mass-destruction,Thrill-seeking,20,Kathmandu
Strategic Planners,Secretive,Low self-worth,Emotions,22,Hetauda
Goal-oriented,Passionate,Mass-destruction,Thrill-seeking,21,Pokhara
Goal-oriented,Passionate,Mass-destruction,Thrill-seeking,21,Itahari
Bully,Aggressive,Marginalised,Disregard for law,60,Butwal
Creative,Vengenful,Anti-state,Concealed Existence,42,Lalitpur
Intelligent,Impatient,Anti-establishment,Monetary Gain,32,Hetauda
Resourceful,Strong-willed,Radical,Intolerance,50,Pokhara
Creative,Vengenful,Anti-state,Concealed Existence,61,Chitwan
Creative,Vengenful,Anti-state,Concealed Existence,56,Kathmandu
Goal-oriented,Passionate,Mass-destruction,Thrill-seeking,58,Bhaktapur
Well-trained,Insensitive,Inferiority Complex,Political Beliefs,66,Pokhara
Goal-oriented,Passionate,Mass-destruction,Thrill-seeking,48,Chitwan
Focused,Determined,Lack Social Skills,Greed,53,Itahari
Bully,Aggressive,Marginalised,Disregard for law,27,Pokhara
Well-trained,Insensitive,Inferiority Complex,Political Beliefs,45,Dharan
Well Trained,Inhuman Psyche,Anti-social,Need to control others,53,Hetauda
Goal-oriented,Passionate,Mass-destruction,Thrill-seeking,44,Itahari
Well-networked,Insensitive,Misguided,Risk Tolerance,39,Biratnagar
Skilful,Coward,Rebellious,Religious Fundamentalism,45,Kathmandu
Focused,Determined,Lack Social Skills,Greed,65,Bhaktapur
Strategic Planners,Secretive,Low self-worth,Emotions,49,Lalitpur
Intelligent,Impatient,Anti-establishment,Monetary Gain,23,Bhaktapur
Creative,Vengenful,Anti-state,Concealed Existence,51,Kathmandu
Well-organized,Chaotic state of mind,Brain-washed,Manipulate Others,23,Chitwan
Focused,Determined,Lack Social Skills,Greed,22,Chitwan
Well-networked,Insensitive,Misguided,Risk Tolerance,63,Butwal
Intelligent,Impatient,Anti-establishment,Monetary Gain,55,Lalitpur
Intelligent,Impatient,Anti-establishment,Monetary Gain,22,Butwal
Resourceful,Strong-willed,Radical,Intolerance,39,Kathmandu
Smart,Coercive,Unlawful,Political Support,61,Biratnagar
Goal-oriented,Passionate,Mass-destruction,Thrill-seeking,32,Bhaktapur
Well-trained,Insensitive,Inferiority Complex,Political Beliefs,28,Dharan
Well-networked,Insensitive,Misguided,Risk Tolerance,36,Kathmandu
Goal-oriented,Passionate,Mass-destruction,Thrill-seeking,37,Butwal
Intelligent,Impatient,Anti-establishment,Monetary Gain,53,Pokhara
Well-trained,Insensitive,Inferiority Complex,Political Beliefs,23,Pokhara
Well Trained,Inhuman Psyche,Anti-social,Need to control others,46,Chitwan
Creative,Vengenful,Anti-state,Concealed Existence,67,Hetauda
Intelligent,Impatient,Anti-establishment,Monetary Gain,35,Dharan
Resourceful,Strong-willed,Radical,Intolerance,49,Itahari
Creative,Vengenful,Anti-state,Concealed Existence,15,Lalitpur
Bully,Aggressive,Marginalised,Disregard for law,54,Biratnagar
Well-trained,Insensitive,Inferiority Complex,Political Beliefs,68,Butwal
Strategic Planners,Secretive,Low self-worth,Emotions,18,Butwal
Smart,Coercive,Unlawful,Political Support,54,Bhaktapur
Well-trained,Insensitive,Inferiority Complex,Political Beliefs,29,Dharan
Skilful,Coward,Rebellious,Religious Fundamentalism,26,Hetauda
Well-trained,Insensitive,Inferiority Complex,Political Beliefs,50,Pokhara
Intelligent,Impatient,Anti-establishment,Monetary Gain,49,Dharan
Goal-oriented,Passionate,Mass-destruction,Thrill-seeking,27,Chitwan
Well-networked,Insensitive,Misguided,Risk Tolerance,53,Lalitpur
Intelligent,Impatient,Anti-establishment,Monetary Gain,30,Kathmandu
Goal-oriented,Passionate,Mass-destruction,Thrill-seeking,65,Kathmandu
Resourceful,Strong-willed,Radical,Intolerance,29,Dharan
Intelligent,Impatient,Anti-establishment,Monetary Gain,58,Dharan
Intelligent,Impatient,Anti-establishment,Monetary Gain,37,Chitwan
Well-trained,Insensitive,Inferiority Complex,Political Beliefs,17,Biratnagar
Well-trained,Insensitive,Inferiority Complex,Political Beliefs,29,Lalitpur
Creative,Vengenful,Anti-state,Concealed Existence,53,Hetauda
Well-organized,Chaotic state of mind,Brain-washed,Manipulate Others,25,Pokhara
Goal-oriented,Passionate,Mass-destruction,Thrill-seeking,46,Biratnagar
Creative,Vengenful,Anti-state,Concealed Existence,17,Kathmandu
Well-organized,Chaotic state of mind,Brain-washed,Manipulate Others,37,Itahari
Resourceful,Strong-willed,Radical,Intolerance,25,Biratnagar
Creative,Vengenful,Anti-state,Concealed Existence,28,Kathmandu
Bully,Aggressive,Marginalised,Disregard for law,21,Chitwan
Strategic Planners,Secretive,Low self-worth,Emotions,48,Pokhara
Skilful,Coward,Rebellious,Religious Fundamentalism,23,Biratnagar
Strategic Planners,Secretive,Low self-worth,Emotions,24,Chitwan
Resourceful,Strong-willed,Radical,Intolerance,28,Dharan
Goal-oriented,Passionate,Mass-destruction,Thrill-seeking,64,Dharan
Skilful,Coward,Rebellious,Religious Fundamentalism,31,Hetauda
Goal-oriented,Passionate,Mass-destruction,Thrill-seeking,50,Lalitpur
Well Trained,Inhuman Psyche,Anti-social,Need to control others,24,Dharan
Resourceful,Strong-willed,Radical,Intolerance,69,Hetauda
Bully,Aggressive,Marginalised,Disregard for law,27,Itahari
Well-trained,Insensitive,Inferiority Complex,Political Beliefs,63,Pokhara
Well-trained,Insensitive,Inferiority Complex,Political Beliefs,44,Butwal
Well Trained,Inhuman Psyche,Anti-social,Need to control others,60,Kathmandu
Goal-oriented,Passionate,Mass-destruction,Thrill-seeking,17,Bhaktapur
Well-trained,Insensitive,Inferiority Complex,Political Beliefs,31,Dharan
Skilful,Coward,Rebellious,Religious Fundamentalism,33,Bhaktapur
Creative,Vengenful,Anti-state,Concealed Existence,63,Itahari
Well-networked,Insensitive,Misguided,Risk Tolerance,27,Pokhara
Well-networked,Insensitive,Misguided,Risk Tolerance,36,Kathmandu
Skilful,Coward,Rebellious,Religious Fundamentalism,30,Bhaktapur
Goal-oriented,Passionate,Mass-destruction,Thrill-seeking,49,Itahari
Well-networked,Insensitive,Misguided,Risk Tolerance,15,Bhaktapur
Skilful,Coward,Rebellious,Religious Fundamentalism,30,Kathmandu
Smart,Coercive,Unlawful,Political Support,33,Itahari
Well-organized,Chaotic state of mind,Brain-washed,Manipulate Others,15,Bhaktapur
Well-trained,Insensitive,Inferiority Complex,Political Beliefs,31,Pokhara
Focused,Determined,Lack Social Skills,Greed,66,Bhaktapur
Focused,Determined,Lack Social Skills,Greed,36,Dharan
Smart,Coercive,Unlawful,Political Support,28,Dharan
Well-networked,Insensitive,Misguided,Risk Tolerance,20,Bhaktapur
Strategic Planners,Secretive,Low self-worth,Emotions,27,Dharan
Smart,Coercive,Unlawful,Political Support,44,Butwal
Creative,Vengenful,Anti-state,Concealed Existence,29,Itahari
Well Trained,Inhuman Psyche,Anti-social,Need to control others,31,Bhaktapur
Well-organized,Chaotic state of mind,Brain-washed,Manipulate Others,24,Biratnagar
Strategic Planners,Secretive,Low self-worth,Emotions,19,Lalitpur
Skilful,Coward,Rebellious,Religious Fundamentalism,22,Pokhara
Creative,Vengenful,Anti-state,Concealed Existence,37,Hetauda
Smart,Coercive,Unlawful,Political Support,20,Chitwan
Well-trained,Insensitive,Inferiority Complex,Political Beliefs,19,Chitwan
Smart,Coercive,Unlawful,Political Support,25,Lalitpur
Intelligent,Impatient,Anti-establishment,Monetary Gain,53,Butwal
Well-organized,Chaotic state of mind,Brain-washed,Manipulate Others,32,Bhaktapur
Strategic Planners,Secretive,Low self-worth,Emotions,29,Biratnagar
Creative,Vengenful,Anti-state,Concealed Existence,52,Chitwan
Well-networked,Insensitive,Misguided,Risk Tolerance,53,Bhaktapur
Well-networked,Insensitive,Misguided,Risk Tolerance,37,Hetauda
Smart,Coercive,Unlawful,Political Support,26,Bhaktapur
Skilful,Coward,Rebellious,Religious Fundamentalism,36,Biratnagar
Intelligent,Impatient,Anti-establishment,Monetary Gain,63,Butwal
Focused,Determined,Lack Social Skills,Greed,39,Kathmandu
Focused,Determined,Lack Social Skills,Greed,31,Chitwan
Strategic Planners,Secretive,Low self-worth,Emotions,25,Itahari
Smart,Coercive,Unlawful,Political Support,60,Hetauda
Intelligent,Impatient,Anti-establishment,Monetary Gain,31,Hetauda
Creative,Vengenful,Anti-state,Concealed Existence,16,Chitwan
Creative,Vengenful,Anti-state,Concealed Existence,22,Pokhara
Creative,Vengenful,Anti-state,Concealed Existence,35,Lalitpur
Well-organized,Chaotic state of mind,Brain-washed,Manipulate Others,45,Hetauda
Well-networked,Insensitive,Misguided,Risk Tolerance,69,Dharan
Intelligent,Impatient,Anti-establishment,Monetary Gain,59,Kathmandu
Strategic Planners,Secretive,Low self-worth,Emotions,29,Bhaktapur
Focused,Determined,Lack Social Skills,Greed,26,Pokhara
Well-trained,Insensitive,Inferiority Complex,Political Beliefs,50,Chitwan
Intelligent,Impatient,Anti-establishment,Monetary Gain,29,Dharan
Focused,Determined,Lack Social Skills,Greed,27,Bhaktapur
Resourceful,Strong-willed,Radical,Intolerance,49,Lalitpur
Focused,Determined,Lack Social Skills,Greed,52,Pokhara
Intelligent,Impatient,Anti-establishment,Monetary Gain,34,Itahari
Well-organized,Chaotic state of mind,Brain-washed,Manipulate Others,56,Biratnagar
Skilful,Coward,Rebellious,Religious Fundamentalism,31,Biratnagar
Well-networked,Insensitive,Misguided,Risk Tolerance,23,Bhaktapur
Smart,Coercive,Unlawful,Political Support,26,Kathmandu
Strategic Planners,Secretive,Low self-worth,Emotions,27,Pokhara
Focused,Determined,Lack Social Skills,Greed,34,Dharan
Skilful,Coward,Rebellious,Religious Fundamentalism,47,Hetauda
Creative,Vengenful,Anti-state,Concealed Existence,69,Itahari
Well-trained,Insensitive,Inferiority Complex,Political Beliefs,40,Kathmandu
Intelligent,Impatient,Anti-establishment,Monetary Gain,17,Dharan
Well Trained,Inhuman Psyche,Anti-social,Need to control others,37,Itahari
Skilful,Coward,Rebellious,Religious Fundamentalism,54,Biratnagar
Intelligent,Impatient,Anti-establishment,Monetary Gain,25,Hetauda
Well Trained,Inhuman Psyche,Anti-social,Need to control others,55,Hetauda
Goal-oriented,Passionate,Mass-destruction,Thrill-seeking,44,Hetauda
Well-networked,Insensitive,Misguided,Risk Tolerance,51,Lalitpur
Well-trained,Insensitive,Inferiority Complex,Political Beliefs,56,Itahari
Goal-oriented,Passionate,Mass-destruction,Thrill-seeking,49,Bhaktapur
Strategic Planners,Secretive,Low self-worth,Emotions,45,Bhaktapur
Smart,Coercive,Unlawful,Political Support,41,Butwal
Focused,Determined,Lack Social Skills,Greed,66,Hetauda
Well Trained,Inhuman Psyche,Anti-social,Need to control others,51,Lalitpur
Goal-oriented,Passionate,Mass-destruction,Thrill-seeking,63,Lalitpur
Well-trained,Insensitive,Inferiority Complex,Political Beliefs,26,Bhaktapur
Goal-oriented,Passionate,Mass-destruction,Thrill-seeking,64,Chitwan
Skilful,Coward,Rebellious,Religious Fundamentalism,25,Hetauda
Well-organized,Chaotic state of mind,Brain-washed,Manipulate Others,26,Chitwan
Skilful,Coward,Rebellious,Religious Fundamentalism,57,Lalitpur
Bully,Aggressive,Marginalised,Disregard for law,45,Bhaktapur
Creative,Vengenful,Anti-state,Concealed Existence,65,Lalitpur
Bully,Aggressive,Marginalised,Disregard for law,32,Bhaktapur
Smart,Coercive,Unlawful,Political Support,21,Bhaktapur
Well-networked,Insensitive,Misguided,Risk Tolerance,50,Chitwan
Intelligent,Impatient,Anti-establishment,Monetary Gain,55,Chitwan
Strategic Planners,Secretive,Low self-worth,Emotions,50,Chitwan
Strategic Planners,Secretive,Low self-worth,Emotions,57,Pokhara
Bully,Aggressive,Marginalised,Disregard for law,28,Lalitpur
Skilful,Coward,Rebellious,Religious Fundamentalism,15,Itahari
Well-organized,Chaotic state of mind,Brain-washed,Manipulate Others,22,Lalitpur
Bully,Aggressive,Marginalised,Disregard for law,23,Bhaktapur
Well Trained,Inhuman Psyche,Anti-social,Need to control others,35,Chitwan
Focused,Determined,Lack Social Skills,Greed,50,Kathmandu
Focused,Determined,Lack Social Skills,Greed,34,Bhaktapur
Well Trained,Inhuman Psyche,Anti-social,Need to control others,29,Itahari
Well-organized,Chaotic state of mind,Brain-washed,Manipulate Others,24,Hetauda
Goal-oriented,Passionate,Mass-destruction,Thrill-seeking,35,Butwal
Well-trained,Insensitive,Inferiority Complex,Political Beliefs,52,Pokhara
Bully,Aggressive,Marginalised,Disregard for law,22,Kathmandu
Creative,Vengenful,Anti-state,Concealed Existence,58,Butwal
Bully,Aggressive,Marginalised,Disregard for law,61,Biratnagar
Bully,Aggressive,Marginalised,Disregard for law,22,Biratnagar
Smart,Coercive,Unlawful,Political Support,39,Hetauda
Skilful,Coward,Rebellious,Religious Fundamentalism,57,Hetauda
Goal-oriented,Passionate,Mass-destruction,Thrill-seeking,69,Biratnagar
Well-organized,Chaotic state of mind,Brain-washed,Manipulate Others,66,Hetauda
Focused,Determined,Lack Social Skills,Greed,52,Kathmandu
Intelligent,Impatient,Anti-establishment,Monetary Gain,47,Pokhara
Well-organized,Chaotic state of mind,Brain-washed,Manipulate Others,29,Pokhara
Skilful,Coward,Rebellious,Religious Fundamentalism,35,Pokhara
Intelligent,Impatient,Anti-establishment,Monetary Gain,42,Itahari
Bully,Aggressive,Marginalised,Disregard for law,45,Kathmandu
Well-organized,Chaotic state of mind,Brain-washed,Manipulate Others,48,Butwal
Skilful,Coward,Rebellious,Religious Fundamentalism,29,Butwal
Well Trained,Inhuman Psyche,Anti-social,Need to control others,23,Chitwan
Intelligent,Impatient,Anti-establishment,Monetary Gain,67,Chitwan
Bully,Aggressive,Marginalised,Disregard for law,29,Itahari
Skilful,Coward,Rebellious,Religious Fundamentalism,38,Pokhara
Goal-oriented,Passionate,Mass-destruction,Thrill-seeking,63,Chitwan
Creative,Vengenful,Anti-state,Concealed Existence,36,Dharan
Intelligent,Impatient,Anti-establishment,Monetary Gain,19,Itahari
Well-networked,Insensitive,Misguided,Risk Tolerance,49,Hetauda
Intelligent,Impatient,Anti-establishment,Monetary Gain,16,Itahari
Focused,Determined,Lack Social Skills,Greed,52,Dharan
Resourceful,Strong-willed,Radical,Intolerance,15,Kathmandu
Well-trained,Insensitive,Inferiority Complex,Political Beliefs,36,Lalitpur
Skilful,Coward,Rebellious,Religious Fundamentalism,25,Kathmandu
Strategic Planners,Secretive,Low self-worth,Emotions,63,Pokhara
Creative,Vengenful,Anti-state,Concealed Existence,43,Biratnagar
Bully,Aggressive,Marginalised,Disregard for law,30,Itahari
Intelligent,Impatient,Anti-establishment,Monetary Gain,60,Chitwan
Creative,Vengenful,Anti-state,Concealed Existence,60,Biratnagar
Well Trained,Inhuman Psyche,Anti-social,Need to control others,16,Chitwan
Focused,Determined,Lack Social Skills,Greed,29,Biratnagar
Well Trained,Inhuman Psyche,Anti-social,Need to control others,43,Chitwan
Well-organized,Chaotic state of mind,Brain-washed,Manipulate Others,54,Kathmandu
Focused,Determined,Lack Social Skills,Greed,25,Butwal
Intelligent,Impatient,Anti-establishment,Monetary Gain,35,Dharan
Well Trained,Inhuman Psyche,Anti-social,Need to control others,38,Dharan
Focused,Determined,Lack Social Skills,Greed,35,Dharan
Creative,Vengenful,Anti-state,Concealed Existence,34,Itahari
Focused,Determined,Lack Social Skills,Greed,15,Lalitpur
Resourceful,Strong-willed,Radical,Intolerance,36,Bhaktapur
Strategic Planners,Secretive,Low self-worth,Emotions,33,Itahari
